algorithm,model_path,env_type,n_episodes,seed,deterministic,mean_return,std_return,min_return,max_return,success_rate
PPO,models/ppo_push_none_source_500k_seed_0.zip,target,50,0,True,-3.188655376434326,1.9998295307159424,-6.200247764587402,-0.00787500012665987,0.24
PPO,models/ppo_push_none_source_500k_seed_0.zip,target,50,0,True,-3.188655376434326,1.9998295307159424,-6.200247764587402,-0.00787500012665987,0.24
SAC,models/sac_push_none_source_500k_seed_0.zip,target,50,0,True,-3.1886513233184814,1.9998254776000977,-6.200247764587402,-0.00787500012665987,0.24
PPO,models/ppo_push_none_source_500k_seed_0.zip,target,10,123,True,-3.6104633808135986,2.02374529838562,-6.626016139984131,-0.03232099860906601,0.2
SAC,models/sac_push_none_source_500k_seed_0.zip,target,10,456,True,-3.4146218299865723,1.8369951248168945,-5.83582878112793,-0.012051999568939209,0.2
PPO,models/ppo_push_none_source_500k_seed_0.zip,target,10,123,False,-3.6104633808135986,2.02374529838562,-6.626016139984131,-0.03232099860906601,0.2
SAC,models/sac_push_none_source_500k_seed_0.zip,target,10,123,False,-3.6104633808135986,2.02374529838562,-6.626016139984131,-0.03232099860906601,0.2
PPO,models/ppo_push_none_source_500k_seed_0.zip,source,50,0,True,-3.188655376434326,1.9998295307159424,-6.200247764587402,-0.00787500012665987,0.24
PPO,models/ppo_push_none_source_500k_seed_0.zip,target,50,0,True,-3.188655376434326,1.9998295307159424,-6.200247764587402,-0.00787500012665987,0.24
SAC,models/sac_push_none_source_500k_seed_0.zip,source,50,0,True,-3.1886513233184814,1.9998254776000977,-6.200247764587402,-0.00787500012665987,0.24
SAC,models/sac_push_none_source_500k_seed_0.zip,target,50,0,True,-3.1886513233184814,1.9998254776000977,-6.200247764587402,-0.00787500012665987,0.24
PPO,models/ppo_push_none_source_500k_seed_0.zip,target,50,1,True,-3.195040225982666,2.004534959793091,-6.200247764587402,-0.00787500012665987,0.24
PPO,models/ppo_push_none_source_500k_seed_0.zip,target,50,2,True,-3.1331613063812256,2.052992582321167,-6.200247764587402,-0.00787500012665987,0.26
PPO,models/ppo_push_none_source_500k_seed_0.zip,target,50,1,True,-3.195040225982666,2.004534959793091,-6.200247764587402,-0.00787500012665987,0.24
PPO,models/ppo_push_none_source_500k_seed_0.zip,target,50,2,True,-3.1331613063812256,2.052992582321167,-6.200247764587402,-0.00787500012665987,0.26
PPO,models/ppo_push_none_source_500k_seed_0.zip,target,50,3,True,-3.1421608924865723,2.0617315769195557,-6.200247764587402,-0.00787500012665987,0.26
PPO,models/ppo_push_none_source_500k_seed_0.zip,source,50,0,True,-3.188655376434326,1.9998295307159424,-6.200247764587402,-0.00787500012665987,0.24
SAC,models/sac_push_none_source_500k_seed_0.zip,source,50,0,True,-3.1886513233184814,1.9998254776000977,-6.200247764587402,-0.00787500012665987,0.24
PPO,models/ppo_push_none_source_500k_seed_0.zip,source,50,1,True,-3.195040225982666,2.004534959793091,-6.200247764587402,-0.00787500012665987,0.24
PPO,models/ppo_push_none_source_500k_seed_0.zip,source,50,2,True,-3.1331613063812256,2.052992582321167,-6.200247764587402,-0.00787500012665987,0.26
SAC,models/sac_push_none_source_500k_seed_0.zip,source,50,1,True,-3.1950364112854004,2.004530906677246,-6.200247764587402,-0.00787500012665987,0.24
SAC,models/sac_push_none_source_500k_seed_0.zip,source,50,2,True,-3.133157253265381,2.0529885292053223,-6.200247764587402,-0.00787500012665987,0.26
PPO,models/ppo_push_none_source_500k_seed_0.zip,source,50,2,True,-3.1331613063812256,2.052992582321167,-6.200247764587402,-0.00787500012665987,0.26
PPO,models/ppo_push_none_source_500k_seed_0.zip,source,50,0,True,-3.188655376434326,1.9998295307159424,-6.200247764587402,-0.00787500012665987,0.24
PPO,models/ppo_push_none_source_500k_seed_0.zip,source,50,1,True,-3.195040225982666,2.004534959793091,-6.200247764587402,-0.00787500012665987,0.24
PPO,models/ppo_push_none_source_500k_seed_0.zip,source,50,2,True,-3.1331613063812256,2.052992582321167,-6.200247764587402,-0.00787500012665987,0.26
SAC,models/sac_push_none_source_500k_seed_0.zip,source,50,0,True,-3.1886513233184814,1.9998254776000977,-6.200247764587402,-0.00787500012665987,0.24
SAC,models/sac_push_none_source_500k_seed_0.zip,source,50,1,True,-3.1950364112854004,2.004530906677246,-6.200247764587402,-0.00787500012665987,0.24
SAC,models/sac_push_none_source_500k_seed_0.zip,source,50,2,True,-3.133157253265381,2.0529885292053223,-6.200247764587402,-0.00787500012665987,0.26
SAC,models/sac_push_none_source_500k_seed_0.zip,source,50,0,True,-3.1886513233184814,1.9998254776000977,-6.200247764587402,-0.00787500012665987,0.24
SAC,models/sac_push_none_source_500k_seed_0.zip,source,50,0,True,-3.1886513233184814,1.9998254776000977,-6.200247764587402,-0.00787500012665987,0.24
PPO,models/ppo_push_none_source_500k_seed_0.zip,source,50,0,True,-3.188655376434326,1.9998295307159424,-6.200247764587402,-0.00787500012665987,0.24
SAC,models/sac_push_none_source_500k_seed_0.zip,source,50,0,True,-3.1886513233184814,1.9998254776000977,-6.200247764587402,-0.00787500012665987,0.24
SAC,models/sac_push_none_source_500k_seed_0.zip,source,50,0,True,-3.1886513233184814,1.9998254776000977,-6.200247764587402,-0.00787500012665987,0.24
PPO,models/ppo_push_none_source_500k_seed_0.zip,source,1,0,True,-4.506741046905518,0.0,-4.506741046905518,-4.506741046905518,0.0
PPO,models/ppo_push_none_source_500k_seed_0.zip,source,1,0,True,-4.506741046905518,0.0,-4.506741046905518,-4.506741046905518,0.0
PPO,models/ppo_push_none_source_500k_seed_0.zip,source,1,0,True,-4.506741046905518,0.0,-4.506741046905518,-4.506741046905518,0.0
SAC,models/sac_push_none_source_500k_seed_0.zip,source,1,0,True,-4.506741046905518,0.0,-4.506741046905518,-4.506741046905518,0.0
SAC,models/sac_push_none_source_500k_seed_0.zip,source,1,0,True,-4.506741046905518,0.0,-4.506741046905518,-4.506741046905518,0.0
SAC,models/sac_push_none_source_500k_seed_0.zip,source,1,0,True,-4.506741046905518,0.0,-4.506741046905518,-4.506741046905518,0.0
PPO,models/ppo_push_none_source_500k_seed_0.zip,source,1,0,True,-4.506741046905518,0.0,-4.506741046905518,-4.506741046905518,0.0
SAC,models/sac_push_none_source_5000k_seed_0.zip,source,50,0,True,-3.188654899597168,1.999828577041626,-6.200247764587402,-0.00787500012665987,0.24
SAC,models/best/sac_push_none_source_5000k_seed_0/best_model.zip,source,50,0,True,-2.505112409591675,1.9272303581237793,-6.201157093048096,-0.007873999886214733,0.46
SAC,models/sac_push_none_source_5000k_seed_0.zip,target,50,0,True,-3.188654899597168,1.999828577041626,-6.200247764587402,-0.00787500012665987,0.24
SAC,models/best/sac_push_none_source_5000k_seed_0/best_model.zip,target,50,0,True,-2.6318371295928955,1.9587026834487915,-6.201157093048096,-0.007873999886214733,0.42
PPO,models/best/ppo_push_none_source_5000k_seed_0/best_model.zip,source,50,0,True,-2.7223596572875977,1.895764708518982,-6.200247764587402,-0.007873999886214733,0.5
PPO,models/best/ppo_push_none_source_5000k_seed_0/best_model.zip,target,50,0,True,-2.7427849769592285,1.9105437994003296,-6.200247764587402,-0.007873999886214733,0.5
PPO,models/best/ppo_push_none_target_5000k_seed_0/best_model.zip,target,50,0,True,-3.188655376434326,1.9998295307159424,-6.200247764587402,-0.00787500012665987,0.24
PPO,models/best/ppo_push_none_target_5000k_seed_0/best_model.zip,target,50,0,True,-3.188655376434326,1.9998295307159424,-6.200247764587402,-0.00787500012665987,0.24
PPO,models/ppo_push_none_source_1000k_lr_0p0001_seed_0.zip,source,50,0,True,-3.188657283782959,1.999830722808838,-6.200247764587402,-0.00787500012665987,0.24
PPO,models/ppo_push_none_source_1000k_lr_0p0001_seed_0.zip,target,50,0,True,-3.188657283782959,1.999830722808838,-6.200247764587402,-0.00787500012665987,0.24
PPO,models/best/ppo_push_none_source_1000k_lr_0p0001_seed_0/best_model.zip,source,50,0,True,-3.188655376434326,1.9998295307159424,-6.200247764587402,-0.00787500012665987,0.24
PPO,models/best/ppo_push_none_source_1000k_lr_0p0001_seed_0/best_model.zip,target,50,0,True,-3.188655376434326,1.9998295307159424,-6.200247764587402,-0.00787500012665987,0.24
PPO,models/best/ppo_push_none_source_5000k_lr_0p0003_seed_0/best_model.zip,source,50,0,True,-2.7223596572875977,1.895764708518982,-6.200247764587402,-0.007873999886214733,0.5
PPO,models/best/ppo_push_none_target_5000k_lr_0p0003_seed_0/best_model.zip,source,50,0,True,-3.188655376434326,1.9998295307159424,-6.200247764587402,-0.00787500012665987,0.24
PPO,models/best/ppo_push_none_target_5000k_lr_0p0003_seed_0/best_model.zip,target,50,0,True,-3.188655376434326,1.9998295307159424,-6.200247764587402,-0.00787500012665987,0.24
SAC,models/best/sac_push_none_source_5000k_lr_0p0003_seed_0/best_model.zip,source,50,0,True,-2.505112409591675,1.9272303581237793,-6.201157093048096,-0.007873999886214733,0.46
SAC,models/best/sac_push_none_source_5000k_lr_0p0003_seed_0/best_model.zip,target,50,0,True,-2.6318371295928955,1.9587026834487915,-6.201157093048096,-0.007873999886214733,0.42
PPO,models/best/ppo_push_none_source_1000k_lr_0p0003_seed_0/best_model.zip,source,50,0,True,-3.188655376434326,1.9998295307159424,-6.200247764587402,-0.00787500012665987,0.24
PPO,models/best/ppo_push_none_source_1000k_lr_0p0005_seed_0/best_model.zip,source,50,0,True,-3.188655376434326,1.9998295307159424,-6.200247764587402,-0.00787500012665987,0.24
PPO,models/best/ppo_push_none_source_1000k_lr_0p0005_seed_0/best_model.zip,target,50,0,True,-3.188655376434326,1.9998295307159424,-6.200247764587402,-0.00787500012665987,0.24
PPO,models/ppo_push_none_source_1000k_lr_0p0005_seed_0.zip,source,50,0,True,-3.188655376434326,1.9998295307159424,-6.200247764587402,-0.00787500012665987,0.24
PPO,models/ppo_push_none_source_1000k_lr_0p0003_seed_0.zip,source,50,0,True,-3.1567816734313965,1.972088098526001,-6.201157093048096,-0.007873999886214733,0.28
PPO,models/ppo_push_none_source_5000k_lr_0p0003_seed_0.zip,source,50,0,True,-2.780163288116455,1.9437129497528076,-6.200247764587402,-0.00787500012665987,0.48
PPO,models/ppo_push_none_source_5000k_lr_0p0003_seed_0.zip,target,50,0,True,-2.814314842224121,1.9506675004959106,-6.200247764587402,-0.00787500012665987,0.46
PPO,models/ppo_push_none_target_5000k_lr_0p0003_seed_0.zip,target,50,0,True,-3.188655376434326,1.9998295307159424,-6.200247764587402,-0.00787500012665987,0.24
PPO,models/best/ppo_push_none_target_5000k_lr_0p0003_seed_0/best_model.zip,target,50,0,True,-3.188655376434326,1.9998295307159424,-6.200247764587402,-0.00787500012665987,0.24
PPO,models/best/ppo_push_none_target_5000k_lr_0p0003_seed_0/best_model.zip,target,50,0,True,-3.188655376434326,1.9998295307159424,-6.200247764587402,-0.00787500012665987,0.24
PPO,models/ppo_push_none_target_5000k_lr_0p0003_seed_0.zip,target,50,0,True,-3.188655376434326,1.9998295307159424,-6.200247764587402,-0.00787500012665987,0.24
PPO,models/best/ppo_push_none_source_1000k_lr_0p0001_seed_0/best_model.zip,source,50,0,True,-3.188655376434326,1.9998295307159424,-6.200247764587402,-0.00787500012665987,0.24
PPO,models/best/ppo_push_none_source_1000k_lr_0p0001_seed_0/best_model.zip,target,50,0,True,-3.188655376434326,1.9998295307159424,-6.200247764587402,-0.00787500012665987,0.24
PPO,models/ppo_push_none_source_1000k_lr_0p0001_seed_0.zip,source,50,0,True,-3.188655376434326,1.9998295307159424,-6.200247764587402,-0.00787500012665987,0.24
PPO,models/ppo_push_none_source_1000k_lr_0p0001_seed_0.zip,target,50,0,True,-3.188655376434326,1.9998295307159424,-6.200247764587402,-0.00787500012665987,0.24
SAC,models/sac_push_none_source_5000k_lr_0p0003_seed_0.zip,target,50,0,True,-3.188654899597168,1.999828577041626,-6.200247764587402,-0.00787500012665987,0.24
SAC,models/sac_push_none_source_5000k_lr_0p0003_seed_0.zip,source,50,0,True,-3.188654899597168,1.999828577041626,-6.200247764587402,-0.00787500012665987,0.24
SAC,models/sac_push_none_source_5000k_lr_0p0003_seed_0.zip,source,50,0,True,-3.188654899597168,1.999828577041626,-6.200247764587402,-0.00787500012665987,0.24
SAC,models/sac_push_none_source_5000k_lr_0p0003_seed_0.zip,target,50,0,True,-3.188654899597168,1.999828577041626,-6.200247764587402,-0.00787500012665987,0.24
SAC,models/best/sac_push_none_source_5000k_lr_0p0003_seed_0/best_model.zip,source,50,0,True,-2.505112409591675,1.9272303581237793,-6.201157093048096,-0.007873999886214733,0.46
SAC,models/best/sac_push_none_source_5000k_lr_0p0003_seed_0/best_model.zip,target,50,0,True,-2.6318371295928955,1.9587026834487915,-6.201157093048096,-0.007873999886214733,0.42
PPO,models/best/ppo_push_none_source_1000k_lr_0p0003_ent_0p01_seed_0/best_model.zip,source,50,0,True,-3.188655376434326,1.9998295307159424,-6.200247764587402,-0.00787500012665987,0.24
PPO,models/best/ppo_push_none_source_1000k_lr_0p0003_ent_0p01_seed_0/best_model.zip,source,50,0,True,-3.188655376434326,1.9998295307159424,-6.200247764587402,-0.00787500012665987,0.24
PPO,models/best/ppo_push_none_source_1000k_lr_0p0003_ent_0p01_seed_0/best_model.zip,target,50,0,True,-3.188655376434326,1.9998295307159424,-6.200247764587402,-0.00787500012665987,0.24
PPO,models/ppo_push_none_source_1000k_lr_0p0003_ent_0p01_seed_0.zip,source,50,0,True,-3.1886534690856934,1.999829888343811,-6.200247764587402,-0.00787500012665987,0.24
PPO,models/ppo_push_none_source_1000k_lr_0p0003_ent_0p01_seed_0.zip,target,50,0,True,-3.1886534690856934,1.999829888343811,-6.200247764587402,-0.00787500012665987,0.24
PPO,models/ppo_push_none_source_1000k_lr_0p0005_ent_0p01_seed_0.zip,source,50,0,True,-3.188655376434326,1.9998295307159424,-6.200247764587402,-0.00787500012665987,0.24
PPO,models/ppo_push_none_source_1000k_lr_0p0005_ent_0p01_seed_0.zip,target,50,0,True,-3.188655376434326,1.9998295307159424,-6.200247764587402,-0.00787500012665987,0.24
PPO,models/best/ppo_push_none_source_1000k_lr_0p0005_ent_0p01_seed_0/best_model.zip,source,50,0,True,-3.188655376434326,1.9998295307159424,-6.200247764587402,-0.00787500012665987,0.24
PPO,models/best/ppo_push_none_source_1000k_lr_0p0005_ent_0p01_seed_0/best_model.zip,target,50,0,True,-3.188655376434326,1.9998295307159424,-6.200247764587402,-0.00787500012665987,0.24
PPO,models/best/ppo_push_none_target_5000k_lr_0p0001_ent_0p0_seed_0/best_model.zip,target,50,0,True,-3.188655376434326,1.9998295307159424,-6.200247764587402,-0.00787500012665987,0.24
PPO,models/best/ppo_push_none_target_5000k_lr_0p0001_ent_0p0_seed_0/best_model.zip,target,500,0,True,-3.3297972679138184,2.0244405269622803,-6.863905906677246,-0.002053000032901764,0.232
PPO,models/best/ppo_push_none_target_5000k_lr_0p0001_ent_0p0_seed_0/best_model.zip,target,50,0,True,-3.188655376434326,1.9998295307159424,-6.200247764587402,-0.00787500012665987,0.24
PPO,models/ppo_push_none_target_5000k_lr_0p0001_ent_0p0_seed_0.zip,target,50,0,True,-3.188655376434326,1.9998295307159424,-6.200247764587402,-0.00787500012665987,0.24
PPO,models/best/ppo_push_none_target_5000k_lr_0p0003_ent_0p01_seed_0/best_model.zip,target,50,0,True,-3.188655138015747,1.9998295307159424,-6.200247764587402,-0.00787500012665987,0.24
PPO,models/ppo_push_none_target_5000k_lr_0p0003_ent_0p01_seed_0.zip,target,50,0,True,-3.188655376434326,1.9998295307159424,-6.200247764587402,-0.00787500012665987,0.24
PPO,models/ppo_push_none_target_5000k_lr_0p0001_ent_0p01_seed_0.zip,target,50,0,True,-2.8216588497161865,1.9382747411727905,-6.200247764587402,-0.007873999886214733,0.42
PPO,models/ppo_push_none_target_5000k_lr_0p0001_ent_0p01_seed_0.zip,target,50,0,True,-2.8216588497161865,1.9382747411727905,-6.200247764587402,-0.007873999886214733,0.42
PPO,models/ppo_push_none_target_5000k_lr_0p0001_ent_0p01_seed_0.zip,target,50,0,True,-2.8216588497161865,1.9382747411727905,-6.200247764587402,-0.007873999886214733,0.42
PPO,models/ppo_push_none_target_5000k_lr_0p0001_ent_0p0_seed_0.zip,target,50,0,True,-3.188655376434326,1.9998295307159424,-6.200247764587402,-0.00787500012665987,0.24
PPO,models/ppo_push_none_target_5000k_lr_0p0003_ent_0p01_seed_0.zip,target,50,0,True,-3.188655376434326,1.9998295307159424,-6.200247764587402,-0.00787500012665987,0.24
PPO,models/best/ppo_push_none_target_5000k_lr_0p0003_ent_0p01_seed_0/best_model.zip,target,50,0,True,-3.188655138015747,1.9998295307159424,-6.200247764587402,-0.00787500012665987,0.24
PPO,models/best/ppo_push_none_target_5000k_lr_0p0001_ent_0p0_seed_0/best_model.zip,target,50,0,True,-3.188655376434326,1.9998295307159424,-6.200247764587402,-0.00787500012665987,0.24
PPO,models/best/ppo_push_none_target_5000k_lr_0p0001_ent_0p01_seed_0/best_model.zip,target,50,0,True,-3.188655376434326,1.9998295307159424,-6.200247764587402,-0.00787500012665987,0.24
PPO,models/ppo_push_none_target_5000k_lr_0p0001_ent_0p01_seed_0.zip,target,50,0,True,-2.8216588497161865,1.9382747411727905,-6.200247764587402,-0.007873999886214733,0.42
PPO,models/ppo_push_none_target_5000k_lr_0p0003_seed_0.zip,target,50,0,True,-3.188655376434326,1.9998295307159424,-6.200247764587402,-0.00787500012665987,0.24
PPO,models/ppo_push_none_target_5000k_lr_0p0001_ent_0p01_seed_0.zip,target,50,0,True,-2.8216588497161865,1.9382747411727905,-6.200247764587402,-0.007873999886214733,0.42
PPO,models/ppo_push_none_target_5000k_lr_0p0001_ent_0p01_seed_0.zip,target,50,0,True,-2.8216588497161865,1.9382747411727905,-6.200247764587402,-0.007873999886214733,0.42
PPO,models/ppo_push_none_target_5000k_lr_0p0001_ent_0p01_seed_0.zip,target,50,1,True,-2.768784761428833,1.9276131391525269,-6.200247764587402,-0.007873999886214733,0.44
PPO,models/ppo_push_none_target_5000k_lr_0p0001_ent_0p01_seed_0.zip,target,50,2,True,-2.708012342453003,1.9643505811691284,-6.200247764587402,-0.007873999886214733,0.46
PPO,models/ppo_push_none_target_5000k_lr_0p0001_ent_0p001_seed_0.zip,target,50,0,True,-2.7572662830352783,2.224945306777954,-8.127703666687012,-0.007873999886214733,0.38
PPO,models/best/ppo_push_none_target_5000k_lr_0p0001_ent_0p001_seed_0/best_model.zip,target,50,0,True,-2.7429561614990234,2.106870651245117,-6.201157093048096,-0.007873999886214733,0.36
PPO,models/best/ppo_push_none_target_5000k_lr_0p0003_ent_0p001_seed_0/best_model.zip,target,50,0,True,-3.188655376434326,1.9998295307159424,-6.200247764587402,-0.00787500012665987,0.24
PPO,models/best/ppo_push_udr_train_source_m_1p0_5p0_5000k_lr_0p0003_ent_0p0_seed_0/best_model.zip,source,50,0,True,-3.188655376434326,1.9998295307159424,-6.200247764587402,-0.00787500012665987,0.24
PPO,models/best/ppo_push_udr_train_source_m_1p0_5p0_5000k_lr_0p0003_ent_0p0_seed_0/best_model.zip,target,50,0,True,-3.188655376434326,1.9998295307159424,-6.200247764587402,-0.00787500012665987,0.24
PPO,models/ppo_push_udr_train_source_m_1p0_5p0_5000k_lr_0p0003_ent_0p0_seed_0.zip,target,50,0,True,-3.188655376434326,1.9998295307159424,-6.200247764587402,-0.00787500012665987,0.24
PPO,models/best/ppo_push_udr_train_source_m_0p5_6p0_5000k_lr_0p0003_ent_0p0_seed_0/best_model.zip,target,50,0,True,-3.18864369392395,1.9998151063919067,-6.200247764587402,-0.00787500012665987,0.24
PPO,models/best/ppo_push_udr_train_source_m_0p5_6p0_5000k_lr_0p0003_ent_0p0_seed_0/best_model.zip,source,50,0,True,-3.18864369392395,1.9998151063919067,-6.200247764587402,-0.00787500012665987,0.24
PPO,models/best/ppo_push_udr_train_source_m_0p5_6p0_5000k_lr_0p0003_ent_0p0_seed_0/best_model.zip,source,50,0,True,-3.18864369392395,1.9998151063919067,-6.200247764587402,-0.00787500012665987,0.24
PPO,models/best/ppo_push_udr_train_source_m_0p5_6p0_5000k_lr_0p0003_ent_0p0_seed_0/best_model.zip,target,50,0,True,-3.18864369392395,1.9998151063919067,-6.200247764587402,-0.00787500012665987,0.24
PPO,models/ppo_push_udr_train_source_m_0p5_6p0_5000k_lr_0p0003_ent_0p0_seed_0.zip,target,50,0,True,-3.1886534690856934,1.9998269081115723,-6.200247764587402,-0.00787500012665987,0.24
PPO,models/ppo_push_udr_train_source_m_0p5_6p0_5000k_lr_0p0003_ent_0p0_seed_0.zip,source,50,0,True,-3.1886534690856934,1.9998269081115723,-6.200247764587402,-0.00787500012665987,0.24
PPO,models/best/ppo_push_none_source_5000k_lr_0p0003_seed_0/best_model.zip,target,50,0,True,-2.7427849769592285,1.9105437994003296,-6.200247764587402,-0.007873999886214733,0.5
PPO,models/best/ppo_push_none_source_5000k_lr_0p0003_seed_0/best_model.zip,target,50,1,True,-2.7491884231567383,1.9169740676879883,-6.200247764587402,-0.007873999886214733,0.5
PPO,models/best/ppo_push_none_source_5000k_lr_0p0003_seed_0/best_model.zip,target,50,100,True,-3.4669580459594727,2.084404230117798,-7.052631855010986,-0.0228240005671978,0.4
PPO,models/best/ppo_push_none_source_5000k_lr_0p0003_seed_0/best_model.zip,target,50,150,True,-3.154409170150757,2.2202930450439453,-7.693716049194336,-0.013709000311791897,0.42
PPO,models/best/ppo_push_udr_train_source_m_0p5_6p0_5000k_lr_0p0003_ent_0p0_seed_0/best_model.zip,target,50,0,True,-3.18864369392395,1.9998151063919067,-6.200247764587402,-0.00787500012665987,0.24
PPO,models/best/ppo_push_udr_train_source_m_0p5_6p0_5000k_lr_0p0003_ent_0p0_seed_0/best_model.zip,target,50,1,True,-3.1950294971466064,2.004521131515503,-6.200247764587402,-0.00787500012665987,0.24
PPO,models/best/ppo_push_udr_train_source_m_0p5_6p0_5000k_lr_0p0003_ent_0p0_seed_0/best_model.zip,target,50,100,True,-3.8671460151672363,2.020592451095581,-6.665246963500977,-0.0228240005671978,0.18
PPO,models/best/ppo_push_udr_train_source_m_0p5_6p0_5000k_lr_0p0003_ent_0p0_seed_0/best_model.zip,target,50,150,True,-3.4130983352661133,2.172563076019287,-6.243299961090088,-0.013709000311791897,0.26
PPO,models/best/ppo_push_udr_train_source_m_0p5_6p0_5000k_lr_0p0003_ent_0p0_seed_0/best_model.zip,target,50,90,True,-3.6620261669158936,1.9895340204238892,-6.665246963500977,-0.013063999824225903,0.2
PPO,models/best/ppo_push_udr_train_source_m_1p0_5p5_5000k_lr_0p0003_ent_0p0_seed_0/best_model.zip,source,50,0,True,-3.188655376434326,1.9998295307159424,-6.200247764587402,-0.00787500012665987,0.24
PPO,models/best/ppo_push_udr_train_source_m_1p0_5p5_5000k_lr_0p0003_ent_0p0_seed_0/best_model.zip,target,50,0,True,-3.188655376434326,1.9998295307159424,-6.200247764587402,-0.00787500012665987,0.24
SAC,models/best/sac_push_none_source_dense_1000k_lr_0p001_gamma_0p99_tau_0p005_ent_0p2_ls_10000_her_4_seed_0/best_model.zip,source,50,0,True,-3.188655376434326,1.9998295307159424,-6.200247764587402,-0.00787500012665987,0.24
SAC,models/best/sac_push_none_source_dense_1000k_lr_0p001_gamma_0p99_tau_0p005_ent_0p2_ls_10000_her_4_seed_0/best_model.zip,target,50,0,True,-3.188655376434326,1.9998295307159424,-6.200247764587402,-0.00787500012665987,0.24
PPO,models/best/ppo_push_udr_train_source_m_1p0_5p5_5000k_lr_0p0003_ent_0p0_seed_0/best_model.zip,target,50,1,True,-3.195039987564087,2.004534959793091,-6.200247764587402,-0.00787500012665987,0.24
PPO,models/best/ppo_push_udr_train_source_m_1p0_5p5_5000k_lr_0p0003_ent_0p0_seed_0/best_model.zip,target,50,3,True,-3.1421608924865723,2.0617315769195557,-6.200247764587402,-0.00787500012665987,0.26
PPO,models/best/ppo_push_none_source_dense_5000k_lr_0p001_ent_0p0_seed_0/best_model.zip,source,50,0,True,-3.188655376434326,1.9998295307159424,-6.200247764587402,-0.00787500012665987,0.24
TD3+HER,models/best/td3_her_push_none_source_dense_1000k_lr_0p001_gamma_0p99_tau_0p005_noise_0p1_ls_10000_her_4_arch_256-256-256_seed_0/best_model.zip,source,dense,50,0,True,-3.188655376434326,1.9998295307159424,-6.200247764587402,-0.00787500012665987,0.24
TD3+HER,models/best/td3_her_push_none_source_dense_1000k_lr_0p001_gamma_0p99_tau_0p005_noise_0p1_ls_10000_her_4_arch_256-256-256_seed_0/best_model.zip,target,dense,50,0,True,-3.188655376434326,1.9998295307159424,-6.200247764587402,-0.00787500012665987,0.24
PPO,models/best/ppo_push_none_source_dense_5000k_lr_0p001_ent_0p0_seed_0/best_model.zip,source,50,0,True,-3.188655376434326,1.9998295307159424,-6.200247764587402,-0.00787500012665987,0.24
PPO,models/best/ppo_push_none_source_dense_5000k_lr_0p001_ent_0p0_seed_0/best_model.zip,target,50,0,True,-3.188655376434326,1.9998295307159424,-6.200247764587402,-0.00787500012665987,0.24
PPO,models/best/ppo_push_none_source_dense_5000k_lr_0p001_ent_0p0_seed_0/best_model.zip,source,50,1,True,-3.195040225982666,2.004534959793091,-6.200247764587402,-0.00787500012665987,0.24
PPO,models/best/ppo_push_none_source_dense_5000k_lr_0p001_ent_0p0_seed_0/best_model.zip,source,50,100,True,-3.8670952320098877,2.020524263381958,-6.662800312042236,-0.0228240005671978,0.18
PPO,models/best/ppo_push_none_source_dense_5000k_lr_0p0003_ent_0p0_seed_0/best_model.zip,source,50,0,True,-2.6722207069396973,2.1687352657318115,-6.200901031494141,-0.00787500012665987,0.4
PPO,models/best/ppo_push_none_source_dense_5000k_lr_0p0003_ent_0p0_seed_0/best_model.zip,source,50,0,True,-2.6722207069396973,2.1687352657318115,-6.200901031494141,-0.00787500012665987,0.4
PPO,models/best/ppo_push_none_source_dense_5000k_lr_0p0003_ent_0p0_seed_0/best_model.zip,source,50,1,True,-2.678379535675049,2.1748204231262207,-6.200901031494141,-0.00787500012665987,0.4
PPO,models/best/ppo_push_none_source_dense_5000k_lr_0p0003_ent_0p0_seed_0/best_model.zip,source,50,3,True,-2.7612228393554688,2.199281930923462,-6.200901031494141,-0.00787500012665987,0.38
PPO,models/best/ppo_push_none_source_dense_5000k_lr_0p0003_ent_0p0_seed_0/best_model.zip,target,50,0,True,-2.676109552383423,2.165243148803711,-6.200901031494141,-0.00787500012665987,0.4
PPO,models/best/ppo_push_none_source_dense_5000k_lr_0p0003_ent_0p0_seed_0/best_model.zip,target,50,0,True,-2.676109552383423,2.165243148803711,-6.200901031494141,-0.00787500012665987,0.4
PPO,models/ppo_push_none_source_dense_5000k_lr_0p0003_ent_0p0_seed_0.zip,source,50,0,True,-3.1828866004943848,1.9994102716445923,-6.200901031494141,-0.007873999886214733,0.24
PPO,models/ppo_push_none_source_dense_5000k_lr_0p0003_ent_0p0_seed_0.zip,source,50,0,True,-3.1828866004943848,1.9994102716445923,-6.200901031494141,-0.007873999886214733,0.24
PPO,models/best/ppo_push_none_source_dense_5000k_lr_0p0003_ent_0p0_seed_0/best_model.zip,source,50,0,True,-2.6722207069396973,2.1687352657318115,-6.200901031494141,-0.00787500012665987,0.4
PPO,models/best/ppo_push_none_source_dense_5000k_lr_0p0003_ent_0p0_seed_0/best_model.zip,target,50,0,True,-2.676109552383423,2.165243148803711,-6.200901031494141,-0.00787500012665987,0.4
PPO,models/best/ppo_push_none_source_dense_5000k_lr_0p0003_ent_0p0_seed_0/best_model.zip,target,50,0,True,-2.676109552383423,2.165243148803711,-6.200901031494141,-0.00787500012665987,0.4
PPO,models/best/ppo_push_none_source_dense_5000k_lr_0p0003_ent_0p0_seed_0/best_model.zip,source,50,0,True,-2.6722207069396973,2.1687352657318115,-6.200901031494141,-0.00787500012665987,0.4
PPO,models/ppo_push_none_source_dense_5000k_lr_0p0003_ent_0p0_seed_0.zip,source,50,0,True,-3.1828866004943848,1.9994102716445923,-6.200901031494141,-0.007873999886214733,0.24
PPO,models/ppo_push_none_source_dense_5000k_lr_0p0003_ent_0p0_seed_0.zip,target,50,0,True,-3.1884589195251465,1.9997910261154175,-6.200247764587402,-0.00787500012665987,0.24
PPO,models/best/ppo_push_none_source_dense_5000k_lr_0p0003_ent_0p0_seed_0/best_model.zip,source,50,0,True,-2.6722207069396973,2.1687352657318115,-6.200901031494141,-0.00787500012665987,0.4
PPO,models/best/ppo_push_none_source_dense_5000k_lr_0p0003_ent_0p0_seed_0/best_model.zip,source,50,0,True,-2.6722207069396973,2.1687352657318115,-6.200901031494141,-0.00787500012665987,0.4
PPO,models/best/ppo_push_none_source_dense_5000k_lr_0p0003_ent_0p0_seed_0/best_model.zip,target,50,0,True,-2.676109552383423,2.165243148803711,-6.200901031494141,-0.00787500012665987,0.4
PPO,models/ppo_push_none_source_dense_5000k_lr_0p0003_ent_0p0_seed_0.zip,source,50,0,True,-3.1828866004943848,1.9994102716445923,-6.200901031494141,-0.007873999886214733,0.24
PPO,models/best/ppo_push_none_source_dense_5000k_lr_0p0003_ent_0p0_seed_0/best_model.zip,source,50,0,True,-3.188655376434326,1.9998295307159424,-6.200247764587402,-0.00787500012665987,0.24
PPO,models/best/ppo_push_none_source_dense_5000k_lr_0p0003_ent_0p0_seed_0/best_model.zip,source,50,0,True,-3.188655376434326,1.9998295307159424,-6.200247764587402,-0.00787500012665987,0.24
PPO,models/best/ppo_push_none_source_dense_5000k_lr_0p0003_ent_0p0_seed_0/best_model.zip,target,50,0,True,-3.188655376434326,1.9998295307159424,-6.200247764587402,-0.00787500012665987,0.24
PPO,models/best/ppo_push_none_source_dense_5000k_lr_0p0003_ent_0p0_seed_0/best_model.zip,source,50,0,True,-3.188655376434326,1.9998295307159424,-6.200247764587402,-0.00787500012665987,0.24
PPO,models/best/ppo_push_none_source_dense_10000k_lr_0p0003_ent_0p0_seed_0/best_model.zip,source,50,0,True,-2.7529828548431396,1.9419680833816528,-6.200247764587402,-0.007873999886214733,0.48
PPO,models/best/ppo_push_none_source_dense_10000k_lr_0p0003_ent_0p0_seed_0/best_model.zip,source,50,1,True,-2.759385585784912,1.9482601881027222,-6.200247764587402,-0.007873999886214733,0.48
PPO,models/best/ppo_push_none_source_dense_10000k_lr_0p0003_ent_0p0_seed_0/best_model.zip,source,50,2,True,-2.700471878051758,1.9895780086517334,-6.200247764587402,-0.007873999886214733,0.48
PPO,models/best/ppo_push_none_source_dense_10000k_lr_0p0003_ent_0p0_seed_0/best_model.zip,source,50,3,True,-2.712202787399292,2.00270676612854,-6.200247764587402,-0.007873999886214733,0.48
PPO,models/best/ppo_push_none_source_dense_10000k_lr_0p0003_ent_0p0_seed_0/best_model.zip,target,50,3,True,-2.721606731414795,2.001180648803711,-6.200247764587402,-0.00787500012665987,0.48
PPO,models/best/ppo_push_none_source_dense_10000k_lr_0p0003_ent_0p0_seed_0/best_model.zip,target,50,3,True,-2.721606731414795,2.001180648803711,-6.200247764587402,-0.00787500012665987,0.48
PPO,models/best/ppo_push_none_source_dense_10000k_lr_0p0003_ent_0p0_seed_0/best_model.zip,target,50,0,True,-2.764502763748169,1.9445748329162598,-6.200247764587402,-0.00787500012665987,0.46
PPO,models/best/ppo_push_none_source_dense_10000k_lr_0p0003_ent_0p0_seed_0/best_model.zip,source,50,0,True,-2.7529828548431396,1.9419680833816528,-6.200247764587402,-0.007873999886214733,0.48
PPO,models/best/ppo_push_none_source_dense_10000k_lr_0p0003_ent_0p0_seed_0/best_model.zip,target,50,0,True,-2.764502763748169,1.9445748329162598,-6.200247764587402,-0.00787500012665987,0.46
PPO,models/ppo_push_none_source_dense_10000k_lr_0p0003_ent_0p0_seed_0.zip,source,50,0,True,-2.86027193069458,2.1992485523223877,-9.854358673095703,-0.007873999886214733,0.46
PPO,models/ppo_push_none_source_dense_10000k_lr_0p0003_ent_0p0_seed_0.zip,target,50,0,True,-2.728450298309326,1.9406771659851074,-6.200257778167725,-0.00787500012665987,0.46
PPO,models/best/ppo_push_none_source_dense_5000k_lr_0p0003_ent_0p0_seed_0/best_model.zip,source,50,0,True,-3.188655376434326,1.9998295307159424,-6.200247764587402,-0.00787500012665987,0.24
PPO,models/best/ppo_push_none_source_dense_5000k_lr_0p0003_ent_0p0_seed_0/best_model.zip,target,50,0,True,-3.188655376434326,1.9998295307159424,-6.200247764587402,-0.00787500012665987,0.24
PPO,models/ppo_push_none_source_dense_5000k_lr_0p0003_ent_0p0_seed_0.zip,source,50,0,True,-3.1886544227600098,1.9998297691345215,-6.200247764587402,-0.00787500012665987,0.24
PPO,models/ppo_push_none_source_dense_5000k_lr_0p0003_ent_0p0_seed_0.zip,target,50,0,True,-3.1886544227600098,1.9998297691345215,-6.200247764587402,-0.00787500012665987,0.24
PPO,models/best/ppo_push_none_source_dense_10000k_lr_0p0003_ent_0p0_seed_0/best_model.zip,source,50,0,True,-2.7529828548431396,1.9419680833816528,-6.200247764587402,-0.007873999886214733,0.48
PPO,models/best/ppo_push_none_source_dense_10000k_lr_0p0003_ent_0p0_seed_0/best_model.zip,source,50,10,True,-2.682255268096924,1.9847183227539062,-6.200247764587402,-0.007873999886214733,0.48
PPO,models/best/ppo_push_none_source_dense_10000k_lr_0p0003_ent_0p0_seed_0/best_model.zip,source,50,100,True,-3.4253463745117188,2.017375946044922,-6.662775039672852,-0.0228240005671978,0.4
PPO,models/best/ppo_push_none_source_dense_10000k_lr_0p0003_ent_0p0_seed_0/best_model.zip,source,50,1000,True,-3.141122341156006,2.05192232131958,-6.514855861663818,-0.018414000049233437,0.38
PPO,models/best/ppo_push_none_source_dense_10000k_lr_0p0003_ent_0p0_seed_0/best_model.zip,source,50,10000,True,-3.1827657222747803,2.1838161945343018,-6.643189907073975,-0.013026000000536442,0.4
PPO,models/best/ppo_push_none_source_dense_10000k_lr_0p0003_ent_0p0_seed_0/best_model.zip,source,50,1,True,-2.759385585784912,1.9482601881027222,-6.200247764587402,-0.007873999886214733,0.48
PPO,models/best/ppo_push_none_source_dense_10000k_lr_0p0003_ent_0p0_seed_0/best_model.zip,source,50,10,True,-2.682255268096924,1.9847183227539062,-6.200247764587402,-0.007873999886214733,0.48
PPO,models/best/ppo_push_none_source_dense_10000k_lr_0p0003_ent_0p0_seed_0/best_model.zip,source,50,100,True,-3.4253463745117188,2.017375946044922,-6.662775039672852,-0.0228240005671978,0.4
PPO,models/best/ppo_push_none_target_5000k_lr_0p0003_seed_0/best_model.zip,target,50,0,True,-3.188655376434326,1.9998295307159424,-6.200247764587402,-0.00787500012665987,0.24
PPO,models/best/ppo_push_none_target_5000k_lr_0p0003_seed_0/best_model.zip,target,50,10,True,-3.1016759872436523,2.0539324283599854,-6.200247764587402,-0.00787500012665987,0.26
PPO,models/best/ppo_push_none_target_5000k_lr_0p0003_seed_0/best_model.zip,target,50,100,True,-3.8670952320098877,2.020524263381958,-6.662800312042236,-0.0228240005671978,0.18
PPO,models/best/ppo_push_none_target_5000k_lr_0p0003_seed_0/best_model.zip,target,50,1000,True,-3.426095485687256,2.084580183029175,-6.514855861663818,-0.018414000049233437,0.24
PPO,models/best/ppo_push_none_target_5000k_lr_0p0003_seed_0/best_model.zip,target,50,10000,True,-3.4018447399139404,2.110200881958008,-6.643189907073975,-0.013026000000536442,0.24
PPO,models/best/ppo_push_none_source_dense_5000k_lr_0p0003_ent_0p0_seed_0/best_model.zip,source,50,0,True,-3.188655376434326,1.9998295307159424,-6.200247764587402,-0.00787500012665987,0.24
PPO,models/best/ppo_push_none_source_dense_5000k_lr_0p0003_ent_0p0_seed_0/best_model.zip,target,50,0,True,-3.188655376434326,1.9998295307159424,-6.200247764587402,-0.00787500012665987,0.24
PPO,models/ppo_push_none_source_dense_5000k_lr_0p0003_ent_0p0_seed_0.zip,target,50,0,True,-3.188655376434326,1.9998295307159424,-6.200247764587402,-0.00787500012665987,0.24
PPO,models/ppo_push_none_source_dense_5000k_lr_0p0003_ent_0p0_seed_0.zip,source,50,0,True,-3.188655376434326,1.9998295307159424,-6.200247764587402,-0.00787500012665987,0.24
PPO,models/best/ppo_push_none_source_dense_5000k_lr_0p0003_ent_0p0_seed_0/best_model.zip,source,50,0,True,-2.6722207069396973,2.1687352657318115,-6.200901031494141,-0.00787500012665987,0.4
PPO,models/best/ppo_push_none_source_dense_5000k_lr_0p0003_ent_0p0_seed_0/best_model.zip,target,50,0,True,-2.676109552383423,2.165243148803711,-6.200901031494141,-0.00787500012665987,0.4
PPO,models/ppo_push_none_source_dense_5000k_lr_0p0003_ent_0p0_seed_0.zip,source,50,0,True,-3.1828866004943848,1.9994102716445923,-6.200901031494141,-0.007873999886214733,0.24
PPO,models/ppo_push_none_source_dense_5000k_lr_0p0003_ent_0p0_seed_0.zip,target,50,0,True,-3.1884589195251465,1.9997910261154175,-6.200247764587402,-0.00787500012665987,0.24
PPO,models/best/ppo_push_adr_train_source_init_1p0_1p5_lim_0p5_6p0_step_0p25_5000k_lr_0p0003_ent_0p0_seed_0/best_model.zip,source,50,0,True,-3.1886560916900635,1.9998300075531006,-6.200247764587402,-0.00787500012665987,0.24
PPO,models/best/ppo_push_adr_train_source_init_1p0_1p5_lim_0p5_6p0_step_0p25_5000k_lr_0p0003_ent_0p0_seed_0/best_model.zip,source,50,0,True,-3.1886560916900635,1.9998300075531006,-6.200247764587402,-0.00787500012665987,0.24
PPO,models/best/ppo_push_adr_train_source_init_1p0_1p5_lim_0p5_6p0_step_0p25_5000k_lr_0p0003_ent_0p0_seed_0/best_model.zip,target,50,0,True,-3.1886560916900635,1.9998300075531006,-6.200247764587402,-0.00787500012665987,0.24
PPO,models/ppo_push_adr_train_source_init_1p0_1p5_lim_0p5_6p0_step_0p25_5000k_lr_0p0003_ent_0p0_seed_0.zip,target,50,0,True,-3.1886560916900635,1.9998300075531006,-6.200247764587402,-0.00787500012665987,0.24
PPO,models/ppo_push_adr_train_source_init_1p0_1p5_lim_0p5_6p0_step_0p25_5000k_lr_0p0003_ent_0p0_seed_0.zip,source,50,0,True,-3.1886560916900635,1.9998300075531006,-6.200247764587402,-0.00787500012665987,0.24
PPO,models/best/ppo_push_none_source_dense_1000k_lr_1em05_ent_0p0_seed_0/best_model.zip,source,50,0,True,-3.188655376434326,1.9998295307159424,-6.200247764587402,-0.00787500012665987,0.24
PPO,models/best/ppo_push_none_source_dense_1000k_lr_0p005_ent_0p0_seed_0/best_model.zip,source,50,0,True,-3.188655376434326,1.9998295307159424,-6.200247764587402,-0.00787500012665987,0.24
PPO,models/best/ppo_push_none_source_dense_1000k_lr_0p005_ent_0p0_seed_0/best_model.zip,source,50,1,True,-3.195040225982666,2.004534959793091,-6.200247764587402,-0.00787500012665987,0.24
PPO,models/best/ppo_push_none_source_dense_1000k_lr_0p005_ent_0p0_seed_0/best_model.zip,source,50,100,True,-3.8670952320098877,2.020524263381958,-6.662800312042236,-0.0228240005671978,0.18
SAC,models/best/sac_push_none_target_dense_5000k_lr_0p0003_gamma_0p99_tau_0p005_ent_auto_ls_100_her_4_seed_0/best_model.zip,target,50,0,True,-3.1886258125305176,1.9997916221618652,-6.200247764587402,-0.00787500012665987,0.24
PPO,models/best/ppo_push_none_target_dense_5000k_lr_0p0001_ent_0p0_seed_42/best_model.zip,target,50,0,True,-3.1886608600616455,1.9998308420181274,-6.200247764587402,-0.00787500012665987,0.24
PPO,models/best/ppo_push_none_target_dense_5000k_lr_0p0001_ent_0p0_seed_42/best_model.zip,target,50,42,True,-3.5402002334594727,1.8766353130340576,-6.11137580871582,-0.01569399982690811,0.18
PPO,models/best/ppo_push_none_target_dense_5000k_lr_0p0001_ent_0p0_seed_42/best_model.zip,source,50,42,True,-3.5402002334594727,1.8766353130340576,-6.11137580871582,-0.01569399982690811,0.18
PPO,models/best/ppo_push_none_source_dense_5000k_lr_0p0003_ent_0p0_seed_0/best_model.zip,source,50,0,True,-2.7529828548431396,1.9419680833816528,-6.200247764587402,-0.007873999886214733,0.48
PPO,models/best/ppo_push_none_source_dense_5000k_lr_0p0003_ent_0p0_seed_0/best_model.zip,source,50,10,True,-2.682255268096924,1.9847183227539062,-6.200247764587402,-0.007873999886214733,0.48
PPO,models/best/ppo_push_none_source_dense_5000k_lr_0p0003_ent_0p0_seed_0/best_model.zip,source,50,100,True,-3.4253463745117188,2.017375946044922,-6.662775039672852,-0.0228240005671978,0.4
PPO,models/best/ppo_push_none_source_dense_5000k_lr_0p0003_ent_0p0_seed_0/best_model.zip,target,50,100,True,-3.4808356761932373,2.0241973400115967,-6.662874221801758,-0.02281400002539158,0.4
PPO,models/best/ppo_push_none_source_dense_5000k_lr_0p0003_ent_0p0_seed_0/best_model.zip,target,50,0,True,-2.764502763748169,1.9445748329162598,-6.200247764587402,-0.00787500012665987,0.46
PPO,models/best/ppo_push_none_source_dense_5000k_lr_0p0003_to_1em05_sched_step_ent_0p0_seed_0/best_model.zip,source,50,0,True,-2.5458762645721436,1.8915777206420898,-6.201066970825195,-0.007873999886214733,0.58
PPO,models/best/ppo_push_none_source_dense_5000k_lr_0p0003_to_1em05_sched_step_ent_0p0_seed_0/best_model.zip,source,50,1,True,-2.597510576248169,1.9177157878875732,-6.201066970825195,-0.007873999886214733,0.56
PPO,models/best/ppo_push_none_source_dense_5000k_lr_0p0003_to_1em05_sched_step_ent_0p0_seed_0/best_model.zip,source,50,2,True,-2.5356311798095703,1.9494609832763672,-6.201066970825195,-0.007873999886214733,0.58
PPO,models/best/ppo_push_none_source_dense_5000k_lr_0p0003_to_1em05_sched_step_ent_0p0_seed_0/best_model.zip,source,50,3,True,-2.544605016708374,1.9613232612609863,-6.201066970825195,-0.007873999886214733,0.58
PPO,models/best/ppo_push_none_source_dense_5000k_lr_0p0003_to_1em05_sched_step_ent_0p0_seed_0/best_model.zip,source,50,4,True,-2.555171489715576,1.9611575603485107,-6.201066970825195,-0.007873999886214733,0.56
PPO,models/best/ppo_push_none_source_dense_5000k_lr_0p0003_to_1em05_sched_step_ent_0p0_seed_0/best_model.zip,source,50,0,True,-2.5458762645721436,1.8915777206420898,-6.201066970825195,-0.007873999886214733,0.58
PPO,models/best/ppo_push_none_source_dense_5000k_lr_0p0003_to_1em05_sched_step_ent_0p0_seed_0/best_model.zip,target,50,0,True,-2.639094352722168,1.9182147979736328,-6.200262069702148,-0.007873999886214733,0.54
PPO,models/best/ppo_push_none_source_dense_5000k_lr_0p0003_to_1em05_sched_step_ent_0p0_seed_0/best_model.zip,source,50,0,True,-2.5458762645721436,1.8915777206420898,-6.201066970825195,-0.007873999886214733,0.58
PPO,models/best/ppo_push_none_source_dense_5000k_lr_0p0003_to_1em05_sched_step_ent_0p0_seed_0/best_model.zip,target,50,0,True,-2.639094352722168,1.9182147979736328,-6.200262069702148,-0.007873999886214733,0.54
PPO,models/best/ppo_push_none_source_dense_5000k_lr_0p0003_to_1em05_sched_step_ent_0p0_seed_0/best_model.zip,target,50,0,True,-2.639094352722168,1.9182147979736328,-6.200262069702148,-0.007873999886214733,0.54
PPO,models/best/ppo_push_none_source_dense_5000k_lr_0p0003_to_1em05_sched_step_ent_0p0_seed_0/best_model.zip,source,50,0,True,-2.5458762645721436,1.8915777206420898,-6.201066970825195,-0.007873999886214733,0.58
PPO,models/best/ppo_push_none_source_dense_5000k_lr_0p0003_to_1em05_sched_step_ent_0p0_seed_0/best_model.zip,target,50,0,True,-2.639094352722168,1.9182147979736328,-6.200262069702148,-0.007873999886214733,0.54
PPO,models/best/ppo_push_none_source_dense_5000k_lr_0p0003_to_1em05_sched_step_ent_0p0_seed_0/best_model.zip,target,50,1,True,-2.690751075744629,1.9413933753967285,-6.200262069702148,-0.007873999886214733,0.52
PPO,models/best/ppo_push_none_source_dense_5000k_lr_0p0003_to_1em05_sched_step_ent_0p0_seed_0/best_model.zip,target,50,2,True,-2.6280717849731445,1.9759795665740967,-6.200262069702148,-0.007873999886214733,0.54
PPO,models/best/ppo_push_none_source_dense_5000k_lr_0p0003_to_1em05_sched_step_ent_0p0_seed_0/best_model.zip,target,50,3,True,-2.637075185775757,1.9872612953186035,-6.200262069702148,-0.007873999886214733,0.54
PPO,models/best/ppo_push_none_source_dense_5000k_lr_0p0003_to_1em05_sched_step_ent_0p0_seed_0/best_model.zip,target,50,4,True,-2.6475887298583984,1.9864596128463745,-6.200262069702148,-0.007873999886214733,0.52
PPO,models/best/ppo_push_none_source_dense_5000k_lr_0p0003_to_1em05_sched_step_ent_0p0_seed_0/best_model.zip,target,50,0,True,-2.639094352722168,1.9182147979736328,-6.200262069702148,-0.007873999886214733,0.54
PPO,models/best/ppo_push_none_source_dense_5000k_lr_0p0003_to_1em05_sched_step_ent_0p0_seed_0/best_model.zip,target,50,0,True,-2.639094352722168,1.9182147979736328,-6.200262069702148,-0.007873999886214733,0.54
PPO,models/best/ppo_finetune_from_best_model_to_target_dense_5000k_lr_0p0001_seed_0/best_model.zip,target,50,0,True,-2.5216524600982666,1.9069362878799438,-6.201157093048096,-0.007867000065743923,0.56
PPO,models/best/ppo_finetune_from_best_model_to_target_dense_5000k_lr_0p0001_seed_0/best_model.zip,target,50,1,True,-2.562802314758301,1.9154163599014282,-6.201157093048096,-0.007867000065743923,0.54
PPO,models/best/ppo_finetune_from_best_model_to_target_dense_5000k_lr_0p0001_seed_0/best_model.zip,target,50,2,True,-2.5009889602661133,1.9460573196411133,-6.201157093048096,-0.007867000065743923,0.56
PPO,models/best/ppo_finetune_from_best_model_to_target_dense_5000k_lr_0p0001_seed_0/best_model.zip,target,50,10,True,-2.5121238231658936,1.9591459035873413,-6.201157093048096,-0.007867000065743923,0.54
PPO,models/best/ppo_finetune_from_best_model_to_target_dense_5000k_lr_0p0001_seed_0/best_model.zip,target,50,0,True,-2.5216524600982666,1.9069362878799438,-6.201157093048096,-0.007867000065743923,0.56
PPO,models/best/ppo_finetune_from_best_model_to_target_dense_5000k_lr_0p0003_seed_0/best_model.zip,target,50,0,True,-2.584934711456299,1.8854892253875732,-6.200247764587402,-0.00787500012665987,0.52
PPO,models/best/ppo_finetune_from_best_model_to_target_dense_5000k_lr_0p0003_seed_0/best_model.zip,target,50,1,True,-2.634474754333496,1.9038290977478027,-6.200247764587402,-0.00787500012665987,0.5
PPO,models/best/ppo_finetune_from_best_model_to_target_dense_5000k_lr_0p0003_seed_0/best_model.zip,target,50,2,True,-2.5398101806640625,1.9230276346206665,-6.200247764587402,-0.00787500012665987,0.54
PPO,models/best/ppo_finetune_from_best_model_to_target_dense_5000k_lr_0p0003_seed_0/best_model.zip,target,50,3,True,-2.6175315380096436,1.9661163091659546,-6.200247764587402,-0.00787500012665987,0.5
PPO,models/best/ppo_finetune_from_best_model_to_target_dense_5000k_lr_0p0003_ent_0p01_seed_0/best_model.zip,target,50,0,True,-1.9383360147476196,1.8942904472351074,-6.201157093048096,-0.00787500012665987,0.62
PPO,models/best/ppo_finetune_from_best_model_to_target_dense_5000k_lr_0p0003_ent_0p01_seed_0/best_model.zip,target,50,1,True,-1.9416881799697876,1.892654538154602,-6.201157093048096,-0.00787500012665987,0.62
PPO,models/best/ppo_finetune_from_best_model_to_target_dense_5000k_lr_0p0003_ent_0p01_seed_0/best_model.zip,target,50,2,True,-1.8789852857589722,1.9039547443389893,-6.201157093048096,-0.00787500012665987,0.64
PPO,models/best/ppo_finetune_from_best_model_to_target_dense_5000k_lr_0p00015_ent_0p001_seed_0/best_model.zip,target,50,0,True,-1.9621165990829468,2.2985823154449463,-10.939727783203125,-0.007876000367105007,0.64
PPO,models/best/ppo_finetune_from_best_model_to_target_dense_5000k_lr_0p00015_ent_0p001_seed_0/best_model.zip,target,50,1,True,-1.9619332551956177,2.2986512184143066,-10.939727783203125,-0.007876000367105007,0.64
PPO,models/best/ppo_finetune_from_best_model_to_target_dense_5000k_lr_0p00015_ent_0p001_seed_0/best_model.zip,target,50,2,True,-1.9000520706176758,2.308227777481079,-10.939727783203125,-0.007876000367105007,0.66
PPO,models/best/ppo_finetune_from_best_model_to_target_dense_5000k_lr_0p00015_ent_0p001_seed_0/best_model.zip,target,50,0,True,-1.9621165990829468,2.2985823154449463,-10.939727783203125,-0.007876000367105007,0.64
PPO,models/best/ppo_finetune_from_best_model_to_target_dense_5000k_lr_0p00015_ent_0p001_seed_0/best_model.zip,target,50,1,True,-1.9619332551956177,2.2986512184143066,-10.939727783203125,-0.007876000367105007,0.64
PPO,models/best/ppo_finetune_from_best_model_to_target_dense_5000k_lr_0p00015_ent_0p001_seed_0/best_model.zip,target,50,2,True,-1.9000520706176758,2.308227777481079,-10.939727783203125,-0.007876000367105007,0.66
SAC,models/best/sac_push_none_target_dense_5000k_lr_0p0003_gamma_0p99_tau_0p005_ent_auto_ls_100_her_4_seed_0/best_model.zip,target,50,0,True,-3.1886258125305176,1.9997916221618652,-6.200247764587402,-0.00787500012665987,0.24
SAC,models/sac_noher_push_none_source_dense_1000k_lr_0p0004_ent_auto_seed_0.zip,source,50,0,True,-0.39489832520484924,0.30321457982063293,-1.5906089544296265,-0.007873999886214733,1.0
SAC,models/sac_noher_push_none_source_dense_1000k_lr_0p0004_ent_auto_seed_0.zip,target,50,0,True,-0.545000433921814,0.6902940273284912,-4.527097225189209,-0.007873999886214733,0.98
SAC,models/sac_noher_push_none_source_dense_1000k_lr_0p0004_ent_auto_seed_0.zip,source,50,0,True,-0.39489832520484924,0.30321457982063293,-1.5906089544296265,-0.007873999886214733,1.0
SAC,models/sac_noher_push_none_source_dense_1000k_lr_0p0004_ent_auto_seed_0.zip,source,50,1,True,-0.39720410108566284,0.30485549569129944,-1.5906089544296265,-0.007873999886214733,1.0
SAC,models/sac_noher_push_none_source_dense_1000k_lr_0p0004_ent_auto_seed_0.zip,source,50,2,True,-0.3921031057834625,0.30884215235710144,-1.5906089544296265,-0.007873999886214733,1.0
SAC,models/sac_noher_push_none_source_dense_1000k_lr_0p0004_ent_auto_seed_0.zip,target,50,0,True,-0.545000433921814,0.6902940273284912,-4.527097225189209,-0.007873999886214733,0.98
SAC,models/sac_noher_push_none_source_dense_1000k_lr_0p0004_ent_auto_seed_0.zip,target,50,1,True,-0.5456733107566833,0.6904023289680481,-4.527097225189209,-0.007873999886214733,0.98
SAC,models/sac_noher_push_none_source_dense_1000k_lr_0p0004_ent_auto_seed_0.zip,target,50,2,True,-0.5404002666473389,0.6933761835098267,-4.527097225189209,-0.007873999886214733,0.98
SAC,models/best/sac_noher_push_none_target_dense_1000k_lr_0p0004_ent_auto_seed_0/best_model.zip,target,50,0,True,-0.44918063282966614,0.33390384912490845,-1.53826904296875,-0.007873999886214733,1.0
SAC,models/best/sac_noher_push_none_target_dense_1000k_lr_0p0004_ent_auto_seed_0/best_model.zip,target,50,1,True,-0.4491846561431885,0.33390286564826965,-1.53826904296875,-0.007873999886214733,1.0
SAC,models/best/sac_noher_push_none_target_dense_1000k_lr_0p0004_ent_auto_seed_0/best_model.zip,target,50,2,True,-0.4430530071258545,0.3388340175151825,-1.53826904296875,-0.007873999886214733,1.0
SAC,models/sac_noher_push_udr_source_dense_1000k_lr_0p0004_ent_auto_seed_0.zip,target,50,0,True,-0.43833258748054504,0.330189049243927,-1.2126719951629639,-0.007873999886214733,1.0
SAC,models/sac_noher_push_udr_source_dense_1000k_lr_0p0004_ent_auto_seed_0.zip,target,50,1,True,-0.44004595279693604,0.3313750624656677,-1.2126719951629639,-0.007873999886214733,1.0
SAC,models/sac_noher_push_udr_source_dense_1000k_lr_0p0004_ent_auto_seed_0.zip,target,50,2,True,-0.43357667326927185,0.336229532957077,-1.2126719951629639,-0.007873999886214733,1.0
SAC,models/sac_noher_push_udr_source_dense_1000k_lr_0p0004_ent_auto_seed_0.zip,source,50,0,True,-0.36861008405685425,0.26712334156036377,-1.0942699909210205,-0.007864000275731087,1.0
SAC,models/sac_noher_push_udr_source_dense_1000k_lr_0p0004_ent_auto_seed_0.zip,source,50,1,True,-0.36671149730682373,0.2664274573326111,-1.0942699909210205,-0.007864000275731087,1.0
SAC,models/sac_noher_push_udr_source_dense_1000k_lr_0p0004_ent_auto_seed_0.zip,source,50,2,True,-0.3538093566894531,0.2563009262084961,-0.937404990196228,-0.007864000275731087,1.0
SAC,models/sac_noher_push_adr_source_dense_1000k_lr_0p0004_ent_auto_seed_0.zip,source,50,0,True,-0.4162234365940094,0.29747042059898376,-1.3465349674224854,-0.007872999645769596,1.0
SAC,models/sac_noher_push_udr_source_dense_1000k_lr_0p0004_ent_auto_seed_0.zip,source,50,0,True,-0.36861008405685425,0.26712334156036377,-1.0942699909210205,-0.007864000275731087,1.0
SAC,models/sac_noher_push_udr_source_dense_1000k_lr_0p0004_ent_auto_seed_0.zip,source,50,1,True,-0.36671149730682373,0.2664274573326111,-1.0942699909210205,-0.007864000275731087,1.0
SAC,models/sac_noher_push_udr_source_dense_1000k_lr_0p0004_ent_auto_seed_0.zip,source,50,2,True,-0.3538093566894531,0.2563009262084961,-0.937404990196228,-0.007864000275731087,1.0
SAC,models/sac_noher_push_udr_source_dense_1000k_lr_0p0004_ent_auto_seed_0.zip,target,50,0,True,-0.43833258748054504,0.330189049243927,-1.2126719951629639,-0.007873999886214733,1.0
SAC,models/sac_noher_push_udr_source_dense_1000k_lr_0p0004_ent_auto_seed_0.zip,target,50,1,True,-0.44004595279693604,0.3313750624656677,-1.2126719951629639,-0.007873999886214733,1.0
SAC,models/sac_noher_push_udr_source_dense_1000k_lr_0p0004_ent_auto_seed_0.zip,target,50,2,True,-0.43357667326927185,0.336229532957077,-1.2126719951629639,-0.007873999886214733,1.0
SAC,models/sac_noher_push_adr_source_dense_1000k_lr_0p0004_ent_auto_seed_0.zip,source,50,0,True,-0.4162234365940094,0.29747042059898376,-1.3465349674224854,-0.007872999645769596,1.0
SAC,models/sac_noher_push_adr_source_dense_1000k_lr_0p0004_ent_auto_seed_0.zip,source,50,1,True,-0.415382981300354,0.2969962954521179,-1.3465349674224854,-0.007872999645769596,1.0
SAC,models/sac_noher_push_adr_source_dense_1000k_lr_0p0004_ent_auto_seed_0.zip,source,50,2,True,-0.40876448154449463,0.30189305543899536,-1.3465349674224854,-0.007872999645769596,1.0
SAC,models/sac_noher_push_adr_source_dense_1000k_lr_0p0004_ent_auto_seed_0.zip,target,50,0,True,-0.43898728489875793,0.30496957898139954,-1.2454310655593872,-0.007867000065743923,1.0
SAC,models/sac_noher_push_adr_source_dense_1000k_lr_0p0004_ent_auto_seed_0.zip,target,50,1,True,-0.43940985202789307,0.3051876723766327,-1.2454310655593872,-0.007867000065743923,1.0
SAC,models/sac_noher_push_adr_source_dense_1000k_lr_0p0004_ent_auto_seed_0.zip,target,50,2,True,-0.4320213794708252,0.310331791639328,-1.2454310655593872,-0.007867000065743923,1.0
SAC,models/sac_noher_push_adr_source_dense_initmass_1p0_1p5_limitmass_1p0_10p0_1000k_lr_0p0004_ent_auto_seed_0.zip,source,50,0,True,-0.5020435452461243,0.3759578764438629,-1.813040018081665,-0.00787699967622757,1.0
SAC,models/sac_noher_push_adr_source_dense_initmass_1p0_1p5_limitmass_1p0_10p0_1000k_lr_0p0004_ent_auto_seed_0.zip,source,50,1,True,-0.5019153356552124,0.3758738934993744,-1.813040018081665,-0.00787699967622757,1.0
SAC,models/sac_noher_push_adr_source_dense_initmass_1p0_1p5_limitmass_1p0_10p0_1000k_lr_0p0004_ent_auto_seed_0.zip,source,50,2,True,-0.49526551365852356,0.3812289834022522,-1.813040018081665,-0.00787699967622757,1.0
SAC,models/sac_noher_push_adr_source_dense_initmass_1p0_1p5_limitmass_1p0_10p0_1000k_lr_0p0004_ent_auto_seed_0.zip,target,50,0,True,-0.5354790091514587,0.4107953608036041,-1.622488021850586,-0.007867000065743923,1.0
SAC,models/sac_noher_push_adr_source_dense_initmass_1p0_1p5_limitmass_1p0_10p0_1000k_lr_0p0004_ent_auto_seed_0.zip,target,50,1,True,-0.5349644422531128,0.4104763865470886,-1.622488021850586,-0.007867000065743923,1.0
SAC,models/sac_noher_push_adr_source_dense_initmass_1p0_1p5_limitmass_1p0_10p0_1000k_lr_0p0004_ent_auto_seed_0.zip,target,50,2,True,-0.5276283025741577,0.41614362597465515,-1.622488021850586,-0.007867000065743923,1.0
SAC,models/sac_noher_push_adr_source_dense_initmass_1p0_1p5_limitmass_1p0_8p0_1000k_lr_0p0004_ent_auto_seed_0.zip,source,50,0,True,-0.42717862129211426,0.3346286714076996,-1.7375710010528564,-0.007864000275731087,1.0
SAC,models/sac_noher_push_adr_source_dense_initmass_1p0_1p5_limitmass_1p0_8p0_1000k_lr_0p0004_ent_auto_seed_0.zip,source,50,1,True,-0.4277149438858032,0.33487755060195923,-1.7375710010528564,-0.007864000275731087,1.0
SAC,models/sac_noher_push_adr_source_dense_initmass_1p0_1p5_limitmass_1p0_8p0_1000k_lr_0p0004_ent_auto_seed_0.zip,source,50,2,True,-0.42249104380607605,0.3390498161315918,-1.7375710010528564,-0.007864000275731087,1.0
SAC,models/sac_noher_push_adr_source_dense_initmass_1p0_1p5_limitmass_1p0_8p0_1000k_lr_0p0004_ent_auto_seed_0.zip,target,50,0,True,-0.4403699040412903,0.3243964612483978,-1.4307650327682495,-0.00787699967622757,1.0
SAC,models/sac_noher_push_adr_source_dense_initmass_1p0_1p5_limitmass_1p0_8p0_1000k_lr_0p0004_ent_auto_seed_0.zip,target,50,1,True,-0.44194015860557556,0.3255951404571533,-1.4307650327682495,-0.00787699967622757,1.0
SAC,models/sac_noher_push_adr_source_dense_initmass_1p0_1p5_limitmass_1p0_8p0_1000k_lr_0p0004_ent_auto_seed_0.zip,target,50,2,True,-0.4356895387172699,0.33042439818382263,-1.4307650327682495,-0.00787699967622757,1.0
SAC,models/sac_noher_push_none_source_dense_1000k_lr_0p0004_ent_0p01_seed_0.zip,source,50,0,True,-0.3989752531051636,0.27963879704475403,-1.294908046722412,-0.007873999886214733,1.0
SAC,models/sac_noher_push_none_source_dense_1000k_lr_0p0004_ent_0p01_seed_0.zip,source,50,1,True,-0.40288257598876953,0.2819887101650238,-1.294908046722412,-0.007873999886214733,1.0
SAC,models/sac_noher_push_none_source_dense_1000k_lr_0p0004_ent_0p01_seed_0.zip,source,50,2,True,-0.3951004147529602,0.286832720041275,-1.294908046722412,-0.007873999886214733,1.0
SAC,models/sac_noher_push_none_source_dense_1000k_lr_0p0004_ent_0p01_seed_0.zip,target,50,0,True,-0.5132025480270386,0.5680076479911804,-3.792090892791748,-0.00787699967622757,0.98
SAC,models/sac_noher_push_none_source_dense_1000k_lr_0p0004_ent_0p01_seed_0.zip,target,50,1,True,-0.5115734934806824,0.5675094127655029,-3.792090892791748,-0.00787699967622757,0.98
SAC,models/sac_noher_push_none_source_dense_1000k_lr_0p0004_ent_0p01_seed_0.zip,target,50,2,True,-0.5036523342132568,0.5714327096939087,-3.792090892791748,-0.00787699967622757,0.98
SAC,models/sac_noher_push_none_source_dense_1000k_lr_0p0004_ent_0p01_seed_0.zip,target,50,0,True,-0.5132025480270386,0.5680076479911804,-3.792090892791748,-0.00787699967622757,0.98
SAC,models/sac_noher_push_none_source_dense_1000k_lr_0p0004_ent_0p01_seed_0.zip,target,50,1,True,-0.5115734934806824,0.5675094127655029,-3.792090892791748,-0.00787699967622757,0.98
SAC,models/sac_noher_push_none_source_dense_1000k_lr_0p0004_ent_0p01_seed_0.zip,target,50,2,True,-0.5036523342132568,0.5714327096939087,-3.792090892791748,-0.00787699967622757,0.98
SAC,models/sac_noher_push_none_target_dense_1000k_lr_0p0004_ent_0p01_seed_0.zip,target,50,2,True,-0.398481547832489,0.2969619333744049,-1.4245749711990356,-0.007873999886214733,1.0
SAC,models/sac_noher_push_none_target_dense_1000k_lr_0p0004_ent_0p01_seed_0.zip,target,50,0,True,-0.4054715633392334,0.29249539971351624,-1.4245749711990356,-0.007873999886214733,1.0
SAC,models/sac_noher_push_none_target_dense_1000k_lr_0p0004_ent_0p01_seed_0.zip,target,50,1,True,-0.40495598316192627,0.2922954559326172,-1.4245749711990356,-0.007873999886214733,1.0
SAC,models/sac_noher_push_none_target_dense_1000k_lr_0p0004_ent_0p01_seed_0.zip,target,50,2,True,-0.398481547832489,0.2969619333744049,-1.4245749711990356,-0.007873999886214733,1.0
SAC,models/sac_noher_push_none_target_dense_1000k_lr_0p0004_ent_0p01_seed_0.zip,target,50,0,True,-0.4054715633392334,0.29249539971351624,-1.4245749711990356,-0.007873999886214733,1.0
SAC,models/sac_noher_push_udr_source_dense_mass_1p0_6p0_1000k_lr_0p0004_ent_0p01_seed_0.zip,target,50,0,True,-0.6564075946807861,0.8796172142028809,-5.8476481437683105,-0.007867000065743923,0.98
SAC,models/sac_noher_push_udr_source_dense_mass_1p0_6p0_1000k_lr_0p0004_ent_0p01_seed_0.zip,target,50,1,True,-0.6603108048439026,0.8801429271697998,-5.8476481437683105,-0.007867000065743923,0.98
SAC,models/sac_noher_push_udr_source_dense_mass_1p0_6p0_1000k_lr_0p0004_ent_0p01_seed_0.zip,target,50,2,True,-0.6431238055229187,0.8841379880905151,-5.8476481437683105,-0.007867000065743923,0.98
SAC,models/sac_noher_push_udr_source_dense_mass_1p0_6p0_1000k_lr_0p0004_ent_0p01_seed_0.zip,source,50,0,True,-0.640979528427124,0.8440530300140381,-5.273210048675537,-0.007873999886214733,0.98
SAC,models/sac_noher_push_udr_source_dense_mass_1p0_6p0_1000k_lr_0p0004_ent_0p01_seed_0.zip,source,50,1,True,-0.6452520489692688,0.8439733982086182,-5.273210048675537,-0.007873999886214733,0.98
SAC,models/sac_noher_push_udr_source_dense_mass_1p0_6p0_1000k_lr_0p0004_ent_0p01_seed_0.zip,source,50,2,True,-0.6386205554008484,0.8475145697593689,-5.273210048675537,-0.007873999886214733,0.98
SAC,models/sac_noher_push_udr_source_dense_mass_1p0_6p0_1000k_lr_0p0004_ent_0p01_seed_0.zip,source,50,0,True,-0.640979528427124,0.8440530300140381,-5.273210048675537,-0.007873999886214733,0.98
SAC,models/sac_noher_push_udr_source_dense_mass_1p0_6p0_1000k_lr_0p0004_ent_0p01_seed_0.zip,source,50,1,True,-0.6452520489692688,0.8439733982086182,-5.273210048675537,-0.007873999886214733,0.98
SAC,models/sac_noher_push_udr_source_dense_mass_1p0_6p0_1000k_lr_0p0004_ent_0p01_seed_0.zip,source,50,2,True,-0.6386205554008484,0.8475145697593689,-5.273210048675537,-0.007873999886214733,0.98
SAC,models/sac_noher_push_udr_source_dense_mass_1p0_6p0_1000k_lr_0p0004_ent_0p01_seed_0.zip,target,50,0,True,-0.6564075946807861,0.8796172142028809,-5.8476481437683105,-0.007867000065743923,0.98
SAC,models/sac_noher_push_udr_source_dense_mass_1p0_6p0_1000k_lr_0p0004_ent_0p01_seed_0.zip,target,50,1,True,-0.6603108048439026,0.8801429271697998,-5.8476481437683105,-0.007867000065743923,0.98
SAC,models/sac_noher_push_udr_source_dense_mass_1p0_6p0_1000k_lr_0p0004_ent_0p01_seed_0.zip,target,50,2,True,-0.6431238055229187,0.8841379880905151,-5.8476481437683105,-0.007867000065743923,0.98
SAC,models/sac_noher_push_adr_source_dense_initmass_1p0_1p5_limitmass_1p0_6p0_1000k_lr_0p0004_ent_0p01_seed_0.zip,source,50,0,True,-0.3878415822982788,0.2749488353729248,-0.9051550030708313,-0.007873999886214733,1.0
SAC,models/sac_noher_push_adr_source_dense_initmass_1p0_1p5_limitmass_1p0_6p0_1000k_lr_0p0004_ent_0p01_seed_0.zip,source,50,1,True,-0.38993141055107117,0.276401162147522,-0.9051550030708313,-0.007873999886214733,1.0
SAC,models/sac_noher_push_adr_source_dense_initmass_1p0_1p5_limitmass_1p0_6p0_1000k_lr_0p0004_ent_0p01_seed_0.zip,source,50,2,True,-0.3848344385623932,0.28069010376930237,-0.9051550030708313,-0.007873999886214733,1.0
SAC,models/sac_noher_push_adr_source_dense_initmass_1p0_1p5_limitmass_1p0_6p0_1000k_lr_0p0004_ent_0p01_seed_0.zip,target,50,0,True,-0.4133387804031372,0.2949744462966919,-0.9747320413589478,-0.00786300003528595,1.0
SAC,models/sac_noher_push_adr_source_dense_initmass_1p0_1p5_limitmass_1p0_6p0_1000k_lr_0p0004_ent_0p01_seed_0.zip,target,50,1,True,-0.41537272930145264,0.2962192893028259,-0.9747320413589478,-0.00786300003528595,1.0
SAC,models/sac_noher_push_adr_source_dense_initmass_1p0_1p5_limitmass_1p0_6p0_1000k_lr_0p0004_ent_0p01_seed_0.zip,target,50,2,True,-0.4102516174316406,0.30089619755744934,-0.9747320413589478,-0.00786300003528595,1.0
SAC,models/sac_noher_push_adr_source_dense_initmass_1p0_1p5_limitmass_1p0_8p0_1000k_lr_0p0004_ent_0p01_seed_0.zip,source,50,0,True,-0.4687151610851288,0.44838038086891174,-2.8641300201416016,-0.007873999886214733,0.98
SAC,models/sac_noher_push_adr_source_dense_initmass_1p0_1p5_limitmass_1p0_8p0_1000k_lr_0p0004_ent_0p01_seed_0.zip,source,50,1,True,-0.46931254863739014,0.44853419065475464,-2.8641300201416016,-0.007873999886214733,0.98
SAC,models/sac_noher_push_adr_source_dense_initmass_1p0_1p5_limitmass_1p0_8p0_1000k_lr_0p0004_ent_0p01_seed_0.zip,source,50,2,True,-0.4578133821487427,0.4523005783557892,-2.8641300201416016,-0.007873999886214733,0.98
SAC,models/sac_noher_push_adr_source_dense_initmass_1p0_1p5_limitmass_1p0_8p0_1000k_lr_0p0004_ent_0p01_seed_0.zip,source,50,2,True,-0.4578133821487427,0.4523005783557892,-2.8641300201416016,-0.007873999886214733,0.98
SAC,models/sac_noher_push_adr_source_dense_initmass_1p0_1p5_limitmass_1p0_8p0_1000k_lr_0p0004_ent_0p01_seed_0.zip,target,50,0,True,-0.4882233440876007,0.47480931878089905,-3.057486057281494,-0.007873999886214733,0.98
SAC,models/sac_noher_push_adr_source_dense_initmass_1p0_1p5_limitmass_1p0_8p0_1000k_lr_0p0004_ent_0p01_seed_0.zip,target,50,1,True,-0.48847565054893494,0.4748595058917999,-3.057486057281494,-0.007873999886214733,0.98
SAC,models/sac_noher_push_adr_source_dense_initmass_1p0_1p5_limitmass_1p0_8p0_1000k_lr_0p0004_ent_0p01_seed_0.zip,target,50,2,True,-0.47719740867614746,0.47966039180755615,-3.064167022705078,-0.007873999886214733,0.98
SAC,models/sac_noher_push_adr_source_dense_initmass_1p0_1p5_limitmass_1p0_10p0_1000k_lr_0p0004_ent_0p01_seed_0.zip,source,50,0,True,-0.40742817521095276,0.3194577097892761,-1.4611200094223022,-0.00787699967622757,1.0
SAC,models/sac_noher_push_adr_source_dense_initmass_1p0_1p5_limitmass_1p0_10p0_1000k_lr_0p0004_ent_0p01_seed_0.zip,source,50,1,True,-0.4080299139022827,0.3197110891342163,-1.4611200094223022,-0.00787699967622757,1.0
SAC,models/sac_noher_push_adr_source_dense_initmass_1p0_1p5_limitmass_1p0_10p0_1000k_lr_0p0004_ent_0p01_seed_0.zip,source,50,2,True,-0.4028145670890808,0.32372382283210754,-1.4611200094223022,-0.00787699967622757,1.0
SAC,models/sac_noher_push_adr_source_dense_initmass_1p0_1p5_limitmass_1p0_10p0_1000k_lr_0p0004_ent_0p01_seed_0.zip,target,50,0,True,-0.5528481006622314,0.8889592289924622,-5.306182861328125,-0.007873999886214733,0.96
SAC,models/sac_noher_push_adr_source_dense_initmass_1p0_1p5_limitmass_1p0_10p0_1000k_lr_0p0004_ent_0p01_seed_0.zip,target,50,1,True,-0.5534629225730896,0.8889649510383606,-5.306182861328125,-0.007873999886214733,0.96
SAC,models/sac_noher_push_adr_source_dense_initmass_1p0_1p5_limitmass_1p0_10p0_1000k_lr_0p0004_ent_0p01_seed_0.zip,target,50,2,True,-0.5480238199234009,0.8913323879241943,-5.306182861328125,-0.007873999886214733,0.96
